RW.TTTATGCAGTCTTGCA-1,RL
RW.TGAGCCGGTTGTACAC-1,RL
RE.GAATGAAAGATGTCGG-1,RL
RE.CTCGGGACATTTGCTT-1,RL
RE.AGGGTGAAGATAGGAG-1,RL
M2.TCGGTAAAGAAGGTGA-1,M
M2.GTAGGCCCATTGCGGC-1,M
M2.CCCAATCGTTGCGTTA-1,M
M1.TTAACTCGTAGCGTCC-1,M
LL.TCAGATGGTTAAAGAC-1,LL
LL.GTGTTAGGTGATGATA-1,LL
LL.GTGCAGCGTTTGTTTC-1,LL
LL.GTCGGGTCAGGATCGA-1,LL
LL.GTACGTACATTGCGGC-1,LL
LL.GGTGAAGGTCTTCAAG-1,LL
LL.GGGTCTGAGCCCAGCT-1,LL
LL.GCGCAACTCAACACCA-1,LL
LL.GCGCAACAGGTAGCTG-1,LL
LL.GAACATCCACGTTGGC-1,LL
LL.CGTGAGCAGATAGCAT-1,LL
LL.CAGATCACACAGTCGC-1,LL
LL.ATTTCTGGTGAAATCA-1,LL
LL.ATTATCCAGTACGATA-1,LL
LL.ACTGAACAGAGGACGG-1,LL
LL.ACCGTAATCCTCTAGC-1,LL
LL.ACACCGGCACCAGATT-1,LL
LL.AAGTCTGTCCTAGTGA-1,LL
LL.AACACGTTCTGCTGTC-1,LL
